{
  "project_info": {
    "project_number": "734812820296",
    "project_id": "flutterfirestoretutorialyt",
    "storage_bucket": "flutterfirestoretutorialyt.appspot.com"
  },
  "client": [
    {
      "client_info": {
        "mobilesdk_app_id": "1:734812820296:android:7f8d096b6f0fa49348997d",
        "android_client_info": {
          "package_name": "com.example.flutter_firebase_firestore_tutorial"
        }
      },
      "oauth_client": [],
      "api_key": [
        {
          "current_key": "AIzaSyBe7wpddKlysXyDykMHtFAbiOiQtdbpkGs"
        }
      ],
      "services": {
        "appinvite_service": {
          "other_platform_oauth_client": []
        }
      }
    }
  ],
  "configuration_version": "1"
}